prompt,response
"What services does Creative Marketing Solutions offer?","Creative Marketing Solutions offers a range of marketing services, including social media management, content creation, search engine optimization, email marketing, and digital advertising."
"Where is Creative Marketing Solutions located?","Creative Marketing Solutions is located at 456 Market Street, Anytown, USA."
"What industries does Creative Marketing Solutions specialize in?","Creative Marketing Solutions works with clients from various industries, such as retail, hospitality, technology, healthcare, and professional services."
"How can I get in touch with Creative Marketing Solutions?","You can contact Creative Marketing Solutions by phone at (555) 123-4567 or by email at info@creativemarketingsolutions.com."
"What is the process for starting a project with Creative Marketing Solutions?","To start a project with Creative Marketing Solutions, please contact us to schedule an initial consultation. We'll discuss your marketing needs, develop a customized proposal, and provide a quote based on the scope of work."
"Does Creative Marketing Solutions offer any pre-built marketing packages?","Yes, Creative Marketing Solutions offers a variety of pre-built marketing packages to suit different budgets and requirements. We can also create custom packages tailored to your specific needs."
"How long does it take to see results from a marketing campaign with Creative Marketing Solutions?","The timeframe for seeing results from a marketing campaign varies depending on the type of campaign, the industry, and the specific goals. Generally, clients can expect to see results within 3-6 months of launching a campaign."
"Does Creative Marketing Solutions provide regular reports on campaign performance?","Yes, Creative Marketing Solutions provides monthly reports on campaign performance, including key metrics and insights, to help clients track their return on investment and make informed decisions about their marketing strategy."
"Can Creative Marketing Solutions help with website design and development?","Yes, Creative Marketing Solutions offers website design and development services, including responsive design, e-commerce integration, and content management system setup."
"Does Creative Marketing Solutions have any case studies or testimonials from previous clients?","Yes, you can find case studies and testimonials from previous clients on our website at www.creativemarketingsolutions.com/testimonials."
